Student Answer,Correct Answer,Expected Result,Last Test Result,Last Tested
"-2ab+5a-4b","5a-4b-2ab",accept,PASS,2026-04-06T11:24:18.017Z
"bcda","abcd",accept,PASS,2026-04-06T11:24:18.018Z
"c+b+d+a","a+b+c+d",accept,PASS,2026-04-06T11:24:18.018Z
"-t-6u-5t+14u","-13t+8u",reject,PASS,2026-04-06T11:24:18.018Z
"12jnkl","12ljkn",accept,PASS,2026-04-06T11:24:18.018Z
"-18qp^5","-18p^5q",accept,PASS,2026-04-06T11:24:18.018Z
"-\frac{1}{3s}","\frac{-1}{3s}",accept,PASS,2026-04-06T11:24:18.019Z
"\frac{-3p}{-4q}","\frac{3p}{4q}",reject,PASS,2026-04-06T11:24:18.024Z
"x+2x","3x",reject,PASS,2026-04-06T11:24:18.025Z
"\frac{4x}{2}","2x",reject,PASS,2026-04-06T11:24:18.025Z
"\left(m^2\right)^3","m^6",reject,PASS,2026-04-06T11:24:18.025Z
"x^2+2x+1","\left(x+1\right)^2",reject,PASS,2026-04-06T11:24:18.025Z
"\frac{a-b}{c}","-\frac{b-a}{c}",accept,PASS,2026-04-06T11:24:18.026Z
"-10ab^2+10ba^2","10a^2b-10ab^2",accept,PASS,2026-04-06T11:24:18.026Z
"\frac{-6x^2-25}{20x}","-\frac{25+6x^2}{20x}",accept,PASS,2026-04-06T11:24:18.027Z
"\frac{1}{4\sqrt[3]{x^2}}","\frac{1}{4\sqrt[3]{x^2}}",accept,PASS,2026-04-06T11:24:18.027Z
"4-3\sqrt{x^5}","-3\sqrt{x^5}+4",accept,PASS,2026-04-06T11:24:18.028Z
"2^{\frac{17}{4}}","2^{\frac{17}{4}}",accept,PASS,2026-04-06T11:24:18.028Z
"\frac{4mn}{3}","\frac{4}{3}mn",accept,PASS,2026-04-06T11:24:18.028Z
"\left(a-x\right)\left(x-b\right)","-\left(x-a\right)\left(x-b\right)",accept,PASS,2026-04-06T11:24:18.028Z
"-\left(x+a\right)\left(x+b\right)","-\left(x+b\right)\left(x+a\right)",accept,PASS,2026-04-06T11:24:18.029Z
"-\frac{x-a}{b}","\frac{a-x}{b}",accept,PASS,2026-04-06T11:24:18.029Z
"-\frac{\left(x-a\right)\left(x+b\right)}{3}","\frac{\left(a-x\right)\left(x+b\right)}{3}",accept,PASS,2026-04-06T11:24:18.029Z
"-\frac{2}{3}\left(a+b\right)\left(c+d\right)","-\frac{2\left(a+b\right)\left(c+d\right)}{3}",accept,PASS,2026-04-06T11:24:18.030Z
"-\frac{2}{3}(a+b)(c+d)","-\frac{2(a+b)(c+d)}{3}",accept,PASS,2026-04-06T11:24:18.030Z
"\frac{2}{3}(a+b)(c+d)","\frac{2(a+b)(c+d)}{3}",accept,PASS,2026-04-06T11:24:18.031Z
"-\frac{1}{2}xy","-\frac{xy}{2}",accept,PASS,2026-04-06T11:24:18.031Z
"\frac{3}{4}ab","\frac{3ab}{4}",accept,PASS,2026-04-06T11:24:18.031Z
"-\frac{5}{6}(x+1)","-\frac{5(x+1)}{6}",accept,PASS,2026-04-06T11:24:18.032Z
"\frac{a}{b}cd","\frac{acd}{b}",accept,PASS,2026-04-06T11:24:18.032Z
"-\frac{2}{3}(a+b)(c+d)(e+f)","-\frac{2(a+b)(c+d)(e+f)}{3}",accept,PASS,2026-04-06T11:24:18.032Z
"\frac{-4}{5}xy(a+b)","\frac{-4xy(a+b)}{5}",accept,PASS,2026-04-06T11:24:18.033Z
"-\frac{3x}{4y}(a+b)","-\frac{3x(a+b)}{4y}",accept,PASS,2026-04-06T11:24:18.033Z
"(x+a)(x+b)","(x+b)(x+a)",accept,PASS,2026-04-06T11:24:18.033Z
"-(x+a)(x+b)","-(x+b)(x+a)",accept,PASS,2026-04-06T11:24:18.034Z
"2(x+a)(x+b)","2(x+b)(x+a)",accept,PASS,2026-04-06T11:24:18.034Z
"(a+x)(b+x)","(x+a)(x+b)",accept,PASS,2026-04-06T11:24:18.034Z
"abc","bca",accept,PASS,2026-04-06T11:24:18.034Z
"2xy","2yx",accept,PASS,2026-04-06T11:24:18.035Z
"-(x+a)(x+b)(x+c)","-(x+c)(x+a)(x+b)",accept,PASS,2026-04-06T11:24:18.035Z
"3(a+b)(c+d)","3(c+d)(a+b)",accept,PASS,2026-04-06T11:24:18.035Z
"(x+1)(x+2)(x+3)","(x+3)(x+1)(x+2)",accept,PASS,2026-04-06T11:24:18.036Z
"(a-x)(x-b)","-(x-a)(x-b)",accept,PASS,2026-04-06T11:24:18.036Z
"(a-x)(b-x)","-(x-a)(x-b)",reject,PASS,2026-04-06T11:24:18.043Z
"(5-x)(x-3)","-(x-5)(x-3)",accept,PASS,2026-04-06T11:24:18.044Z
"(a-b)(c-d)","-(b-a)(c-d)",accept,PASS,2026-04-06T11:24:18.044Z
"-(a-x)(x-b)","(x-a)(x-b)",accept,PASS,2026-04-06T11:24:18.044Z
"-2(a-x)(x-b)","2(x-a)(x-b)",accept,PASS,2026-04-06T11:24:18.045Z
"a+b","b+a",accept,PASS,2026-04-06T11:24:18.045Z
"x+y+z","z+y+x",accept,PASS,2026-04-06T11:24:18.045Z
"2x+3y","3y+2x",accept,PASS,2026-04-06T11:24:18.045Z
"a+b+c+d","d+c+b+a",accept,PASS,2026-04-06T11:24:18.045Z
"a-b","-b+a",accept,PASS,2026-04-06T11:24:18.046Z
"x-y+z","z+x-y",accept,PASS,2026-04-06T11:24:18.046Z
"2x-3y+4z","4z+2x-3y",accept,PASS,2026-04-06T11:24:18.046Z
"-3ab","-3ba",accept,PASS,2026-04-06T11:24:18.047Z
"(-2)(-3)x","6x",accept,PASS,2026-04-06T11:24:18.047Z
"1(x+a)","(x+a)",accept,PASS,2026-04-06T11:24:18.047Z
"0+x","x",accept,PASS,2026-04-06T11:24:18.047Z
"x+0+y","x+y",accept,PASS,2026-04-06T11:24:18.047Z
"0+(x+a)","(x+a)",accept,PASS,2026-04-06T11:24:18.048Z
"2+3+x","5+x",reject,PASS,2026-04-06T11:24:18.048Z
"x+2+3","x+5",reject,PASS,2026-04-06T11:24:18.048Z
"1+2+3+x+4+5","x+15",reject,PASS,2026-04-06T11:24:18.048Z
"(x)","x",accept,PASS,2026-04-06T11:24:18.048Z
"((x))","x",accept,PASS,2026-04-06T11:24:18.048Z
"(x+a)","x+a",accept,PASS,2026-04-06T11:24:18.049Z
"2(x)","2x",accept,PASS,2026-04-06T11:24:18.049Z
"2x+3x","5x",reject,PASS,2026-04-06T11:24:18.049Z
"x+x","2x",reject,PASS,2026-04-06T11:24:18.049Z
"2(x+1)","2x+2",reject,PASS,2026-04-06T11:24:18.049Z
"(x+a)(x+b)","x^2+(a+b)x+ab",reject,PASS,2026-04-06T11:24:18.049Z
"x^2-1","(x+1)(x-1)",reject,PASS,2026-04-06T11:24:18.050Z
"(x+2)^2","x^2+4x+4",reject,PASS,2026-04-06T11:24:18.050Z
"x^{2}","x^2",accept,PASS,2026-04-06T11:24:18.050Z
"(ab)^2","(ba)^2",accept,PASS,2026-04-06T11:24:18.050Z
"-\frac{2}{3}(b+a)(d+c)","-\frac{2(a+b)(c+d)}{3}",accept,PASS,2026-04-06T11:24:18.051Z
"-\frac{1}{2}(x-a)(x-b)","\frac{(a-x)(x-b)}{2}",accept,PASS,2026-04-06T11:24:18.051Z
"\frac{3}{4}(y+x)(b+a)","\frac{3(a+b)(x+y)}{4}",accept,PASS,2026-04-06T11:24:18.052Z
"--x","x",accept,PASS,2026-04-06T11:24:18.052Z
"0","0",accept,PASS,2026-04-06T11:24:18.052Z
"1","1",accept,PASS,2026-04-06T11:24:18.052Z
"x","x",accept,PASS,2026-04-06T11:24:18.052Z
"\frac{2}{3}x","\frac{2x}{3}",accept,PASS,2026-04-06T11:24:18.052Z
"\left(x+a\right)","(x+a)",accept,PASS,2026-04-06T11:24:18.053Z
"x^{2}","x²",accept,PASS,2026-04-06T11:24:18.053Z
"\frac{x}{y}","x\frac{1}{y}",accept,PASS,2026-04-06T11:24:18.053Z
"\frac{2x}{y}","2\frac{x}{y}",accept,PASS,2026-04-06T11:24:18.053Z
"\frac{xy}{z}","\frac{x}{z}y",accept,PASS,2026-04-06T11:24:18.054Z
"5-25x^{2}-30x","-25x^{2}-30x+5",accept,FAIL,2026-04-06T11:24:18.054Z
"\frac{5}{\left(1-x\right)}","-\frac{5}{x-1}",accept,PASS,2026-04-06T11:24:18.055Z
"\frac{20\sqrt{3}+36-5\sqrt{2}-3\sqrt{6}}{-2}","\frac{-36+5\sqrt{2}-20\sqrt{3}+3\sqrt{6}}{2}",accept,PASS,2026-04-06T11:24:18.056Z
"-\left(x-a\right)\left(x-b\right)","\left(a-x\right)\left(x-b\right)",accept,PASS,2026-04-06T11:24:18.056Z